match_id,overs_played,wickets_lost,run_rate,home/away,opponent_strength,pitch_condition,weather
1,7,1,11.04,Away,3,Bowling,Sunny
2,20,10,11.87,Home,5,Bowling,Sunny
3,15,7,6.14,Home,7,Balanced,Sunny
4,11,8,8.84,Home,9,Batting,Cloudy
5,8,0,9.56,Home,2,Balanced,Sunny
6,7,4,8.69,Home,4,Bowling,Overcast
7,19,7,6.21,Home,7,Balanced,Cloudy
8,11,10,9.19,Away,1,Bowling,Sunny
9,11,1,12.51,Home,2,Balanced,Cloudy
10,4,3,5.71,Away,9,Balanced,Overcast
11,8,6,5.8,Away,10,Bowling,Sunny
12,3,2,8.55,Home,7,Balanced,Overcast
13,2,4,14.42,Away,10,Batting,Sunny
14,12,7,11.69,Away,7,Balanced,Overcast
15,6,9,11.79,Home,6,Balanced,Sunny
16,2,2,8.62,Home,3,Batting,Cloudy
17,1,3,10.94,Home,10,Bowling,Sunny
18,12,8,5.1,Away,3,Batting,Cloudy
19,12,6,11.36,Away,2,Balanced,Sunny
20,17,0,14.13,Home,6,Bowling,Sunny
21,10,3,11.13,Home,4,Balanced,Overcast
22,16,3,13.74,Away,5,Balanced,Overcast
23,15,8,12.24,Away,3,Batting,Overcast
24,15,5,6.21,Away,6,Batting,Sunny
25,19,8,14.02,Away,3,Bowling,Sunny
26,12,5,5.66,Home,8,Bowling,Sunny
27,20,5,10.34,Away,9,Bowling,Cloudy
28,3,4,6.42,Away,4,Balanced,Cloudy
29,5,4,5.12,Away,9,Batting,Sunny
30,19,1,9.22,Away,7,Batting,Overcast
31,7,7,7.95,Home,3,Batting,Overcast
32,9,7,9.86,Home,7,Bowling,Overcast
33,7,10,10.77,Away,1,Batting,Sunny
34,18,0,5.44,Away,3,Batting,Overcast
35,4,7,6.23,Home,6,Batting,Sunny
36,14,4,10.59,Home,4,Bowling,Cloudy
37,18,1,8.43,Away,7,Batting,Overcast
38,9,1,12.29,Away,3,Bowling,Cloudy
39,2,5,11.52,Home,1,Batting,Overcast
40,20,10,13.46,Home,9,Batting,Sunny
41,15,8,11.92,Home,6,Batting,Sunny
42,7,0,9.3,Home,8,Bowling,Sunny
43,12,5,11.73,Home,3,Bowling,Sunny
44,8,8,7.75,Home,8,Batting,Overcast
45,15,7,8.06,Away,2,Balanced,Cloudy
46,3,10,12.89,Home,4,Bowling,Sunny
47,14,5,9.46,Home,3,Bowling,Overcast
48,17,2,12.98,Home,10,Batting,Cloudy
49,4,7,13.22,Home,1,Balanced,Sunny
50,18,8,13.58,Away,7,Batting,Cloudy
51,8,0,14.17,Away,10,Bowling,Sunny
52,4,8,9.31,Home,2,Bowling,Cloudy
53,2,5,8.19,Away,4,Batting,Cloudy
54,6,5,10.82,Away,9,Batting,Sunny
55,10,3,8.71,Away,6,Balanced,Overcast
56,4,0,11.01,Away,8,Balanced,Cloudy
57,18,9,12.06,Away,2,Bowling,Sunny
58,12,7,11.88,Away,7,Balanced,Cloudy
59,2,1,8.75,Home,6,Balanced,Cloudy
60,10,0,6.67,Home,9,Bowling,Overcast
61,4,1,9.31,Home,7,Bowling,Cloudy
62,14,0,6.43,Home,1,Bowling,Cloudy
63,16,0,13.9,Home,8,Bowling,Sunny
64,15,8,8.46,Away,10,Batting,Sunny
65,8,0,6.54,Home,3,Bowling,Overcast
66,14,3,5.25,Home,2,Bowling,Cloudy
67,8,9,11.46,Away,3,Bowling,Cloudy
68,16,5,11.37,Away,6,Balanced,Cloudy
69,13,6,8.41,Home,3,Bowling,Overcast
70,18,1,5.72,Away,10,Batting,Cloudy
71,15,5,9.1,Away,5,Batting,Sunny
72,13,6,8.11,Away,6,Bowling,Overcast
73,9,9,11.77,Away,8,Batting,Sunny
74,15,9,11.06,Home,7,Balanced,Sunny
75,13,1,8.65,Away,8,Bowling,Overcast
76,1,1,7.18,Home,3,Batting,Sunny
77,7,9,14.88,Home,4,Batting,Cloudy
78,9,6,9.54,Away,6,Bowling,Overcast
79,1,0,11.88,Away,7,Batting,Sunny
80,12,7,6.41,Away,9,Bowling,Cloudy
81,8,10,9.86,Home,1,Batting,Cloudy
82,11,2,5.28,Away,8,Balanced,Sunny
83,19,10,10.05,Away,8,Batting,Cloudy
84,17,5,14.64,Away,6,Batting,Overcast
85,8,8,8.84,Away,4,Bowling,Sunny
86,3,5,5.39,Away,3,Batting,Cloudy
87,3,8,5.31,Home,3,Bowling,Cloudy
88,1,6,8.88,Away,6,Balanced,Sunny
89,5,8,6.6,Away,8,Bowling,Sunny
90,10,1,5.23,Away,7,Bowling,Sunny
91,7,7,12.56,Home,1,Batting,Sunny
92,9,7,9.59,Away,6,Balanced,Overcast
93,7,1,7.89,Home,7,Bowling,Sunny
94,9,3,14,Home,7,Batting,Overcast
95,8,10,6.16,Away,9,Batting,Overcast
96,12,6,14.56,Away,10,Bowling,Sunny
97,2,10,8.14,Away,5,Batting,Overcast
98,1,3,13.88,Home,1,Bowling,Sunny
99,16,3,11.03,Home,2,Bowling,Sunny
100,5,5,13.27,Home,4,Bowling,Cloudy
101,3,9,14.84,Home,5,Balanced,Sunny
102,12,5,7.88,Home,9,Bowling,Cloudy
103,8,9,14.61,Home,1,Batting,Overcast
104,3,2,8.89,Away,3,Balanced,Cloudy
105,1,8,8.86,Away,5,Batting,Overcast
106,3,9,8.4,Home,3,Balanced,Sunny
107,5,10,10.41,Away,4,Balanced,Overcast
108,15,1,6.54,Away,3,Balanced,Overcast
109,14,5,10.54,Home,4,Balanced,Sunny
110,3,6,10.42,Home,1,Batting,Overcast
111,1,8,12.62,Away,8,Bowling,Sunny
112,5,2,13.34,Home,4,Batting,Cloudy
113,14,9,9.4,Home,7,Bowling,Sunny
114,7,2,8.02,Away,2,Batting,Sunny
115,9,6,7.59,Home,2,Balanced,Overcast
116,15,3,6.95,Away,6,Balanced,Cloudy
117,15,7,5.58,Away,2,Bowling,Sunny
118,10,6,8.42,Away,6,Bowling,Cloudy
119,13,4,7.7,Away,2,Batting,Cloudy
120,19,6,14.66,Away,4,Bowling,Overcast
121,7,2,10.58,Home,7,Batting,Sunny
122,17,1,8.47,Home,8,Bowling,Overcast
123,20,5,10.8,Home,3,Bowling,Sunny
124,4,1,6.39,Home,9,Bowling,Cloudy
125,5,2,9.44,Away,2,Balanced,Sunny
126,7,5,11.26,Away,8,Balanced,Sunny
127,13,4,9.89,Home,8,Batting,Cloudy
128,15,7,9.02,Away,4,Bowling,Cloudy
129,11,8,14.94,Home,1,Batting,Sunny
130,4,10,13.8,Home,1,Bowling,Overcast
131,13,2,11.23,Home,2,Balanced,Sunny
132,7,9,10.69,Away,9,Balanced,Cloudy
133,19,2,11.21,Away,2,Bowling,Overcast
134,2,2,7.01,Away,2,Bowling,Cloudy
135,10,5,8.95,Away,6,Balanced,Cloudy
136,13,0,5.39,Home,7,Balanced,Overcast
137,6,6,9.76,Away,7,Batting,Cloudy
138,12,0,10.43,Away,9,Balanced,Cloudy
139,12,4,7.28,Away,6,Bowling,Cloudy
140,20,9,14.64,Home,8,Batting,Cloudy
141,11,7,14.09,Home,6,Bowling,Cloudy
142,7,3,12.22,Away,2,Batting,Cloudy
143,1,4,10.33,Away,1,Bowling,Cloudy
144,1,3,13.7,Away,5,Balanced,Cloudy
145,20,3,6.31,Away,9,Bowling,Cloudy
146,13,7,12.91,Home,8,Batting,Sunny
147,9,1,6.25,Away,4,Bowling,Sunny
148,3,0,12.94,Away,5,Batting,Cloudy
149,7,2,7.76,Away,5,Bowling,Sunny
150,6,8,13.77,Home,6,Balanced,Overcast
151,8,3,14.44,Home,3,Balanced,Sunny
152,9,9,6.49,Away,5,Bowling,Cloudy
153,5,4,9.63,Away,2,Bowling,Cloudy
154,1,1,14.81,Away,10,Bowling,Sunny
155,19,3,9.83,Away,1,Batting,Cloudy
156,10,1,13.64,Away,1,Bowling,Overcast
157,12,1,10.89,Home,10,Bowling,Overcast
158,15,3,8.75,Home,7,Batting,Cloudy
159,9,5,7.86,Home,2,Balanced,Overcast
160,20,6,7.03,Away,4,Bowling,Overcast
161,17,9,12.62,Home,5,Bowling,Sunny
162,17,2,8.87,Home,7,Balanced,Overcast
163,20,2,10.11,Home,2,Balanced,Sunny
164,12,9,9.92,Away,6,Batting,Cloudy
165,7,5,10.77,Away,1,Bowling,Sunny
166,2,2,13.66,Home,7,Bowling,Cloudy
167,3,1,14.81,Away,9,Batting,Cloudy
168,17,7,9.08,Home,5,Balanced,Cloudy
169,5,4,13.28,Home,5,Batting,Cloudy
170,17,0,12.65,Home,4,Balanced,Cloudy
171,17,2,10.74,Home,3,Batting,Sunny
172,17,9,14.56,Away,9,Balanced,Cloudy
173,2,7,7,Away,5,Batting,Overcast
174,2,3,6.09,Away,8,Balanced,Overcast
175,5,6,13.54,Away,9,Balanced,Cloudy
176,1,9,9.39,Home,5,Balanced,Overcast
177,1,1,13.47,Away,10,Balanced,Sunny
178,19,6,13.93,Home,9,Balanced,Sunny
179,2,4,5.62,Away,2,Bowling,Cloudy
180,12,4,13.83,Away,9,Balanced,Cloudy
181,6,5,9.48,Away,4,Bowling,Cloudy
182,4,8,10.1,Home,6,Balanced,Overcast
183,11,5,11.27,Home,6,Bowling,Overcast
184,17,7,14.26,Home,6,Bowling,Sunny
185,6,6,5.19,Home,2,Batting,Overcast
186,5,8,9.77,Away,7,Balanced,Sunny
187,20,3,11.88,Home,6,Batting,Overcast
188,2,1,12.23,Home,1,Batting,Sunny
189,6,6,11.93,Away,2,Balanced,Cloudy
190,11,5,6.34,Away,7,Batting,Overcast
191,16,0,7.99,Home,1,Balanced,Sunny
192,16,10,8.59,Away,1,Batting,Overcast
193,1,8,13.04,Home,1,Balanced,Cloudy
194,9,8,7.79,Away,8,Balanced,Sunny
195,6,1,7.11,Home,4,Balanced,Overcast
196,16,2,14.57,Home,4,Bowling,Overcast
197,3,4,5.09,Home,2,Batting,Cloudy
198,20,4,14.98,Home,1,Bowling,Cloudy
199,4,0,11.77,Home,10,Batting,Sunny
200,19,7,13.28,Away,9,Batting,Overcast
201,3,7,7.95,Home,7,Batting,Overcast
202,19,3,5.14,Home,4,Bowling,Cloudy
203,20,6,12.38,Home,6,Batting,Cloudy
204,7,10,13.34,Home,2,Bowling,Sunny
205,20,9,12.4,Home,7,Balanced,Overcast
206,9,2,6.43,Away,2,Batting,Overcast
207,1,5,12.53,Away,10,Batting,Sunny
208,8,9,12.69,Home,8,Balanced,Sunny
209,7,9,11.59,Away,8,Balanced,Cloudy
210,18,8,12.66,Home,1,Batting,Cloudy
211,8,0,13.46,Away,8,Balanced,Sunny
212,1,4,11.14,Away,2,Bowling,Sunny
213,11,3,5.89,Home,6,Bowling,Overcast
214,18,7,9.88,Away,1,Batting,Sunny
215,10,10,5.78,Away,5,Bowling,Sunny
216,3,0,9.08,Home,7,Bowling,Overcast
217,7,8,9.07,Home,10,Batting,Sunny
218,16,5,5.66,Away,1,Balanced,Cloudy
219,16,3,8.49,Away,2,Batting,Cloudy
220,20,8,6.11,Away,7,Bowling,Overcast
221,17,10,13.08,Home,6,Batting,Sunny
222,2,4,14.48,Away,3,Batting,Cloudy
223,1,4,5.72,Away,10,Bowling,Cloudy
224,16,4,14.55,Away,2,Bowling,Cloudy
225,12,0,10.23,Home,10,Batting,Cloudy
226,5,0,8,Home,4,Bowling,Sunny
227,5,7,5.77,Home,3,Bowling,Sunny
228,9,7,10.01,Home,7,Bowling,Sunny
229,9,5,12.95,Away,8,Bowling,Sunny
230,3,10,12.07,Home,2,Bowling,Cloudy
231,19,3,5.5,Away,10,Bowling,Overcast
232,16,1,5.73,Away,7,Balanced,Overcast
233,16,1,9.03,Away,8,Batting,Cloudy
234,3,8,7.95,Away,6,Bowling,Cloudy
235,20,4,7.32,Home,6,Batting,Overcast
236,1,3,7.81,Home,10,Balanced,Overcast
237,20,9,13.03,Home,1,Bowling,Cloudy
238,11,0,14.29,Home,4,Batting,Cloudy
239,17,6,9.05,Home,1,Bowling,Sunny
240,8,2,14.06,Away,4,Bowling,Sunny
241,4,5,8.21,Home,2,Bowling,Overcast
242,6,4,9.76,Home,5,Bowling,Cloudy
243,8,4,7.26,Home,10,Bowling,Overcast
244,20,10,11.4,Home,9,Bowling,Sunny
245,3,4,14.79,Away,10,Bowling,Sunny
246,16,0,11.03,Away,3,Balanced,Overcast
247,3,0,8.58,Away,8,Balanced,Sunny
248,18,2,11.48,Away,3,Bowling,Cloudy
249,14,9,6.23,Away,6,Bowling,Overcast
250,18,3,13.89,Home,4,Balanced,Cloudy
251,2,4,10.03,Away,8,Balanced,Cloudy
252,3,1,9.49,Away,6,Balanced,Sunny
253,16,7,10.86,Away,8,Bowling,Cloudy
254,9,10,11.25,Home,1,Batting,Overcast
255,4,10,5.72,Home,6,Batting,Cloudy
256,1,1,11.83,Away,1,Batting,Cloudy
257,4,8,7.42,Home,1,Batting,Cloudy
258,1,1,12.14,Home,8,Bowling,Cloudy
259,14,8,13.23,Away,7,Batting,Cloudy
260,16,6,13.04,Home,3,Balanced,Sunny
261,20,7,10.53,Home,6,Balanced,Overcast
262,8,10,10.2,Home,9,Batting,Sunny
263,7,1,6.43,Away,7,Balanced,Overcast
264,3,6,12.75,Away,3,Bowling,Overcast
265,17,5,7.71,Away,6,Batting,Overcast
266,1,3,9.97,Home,4,Batting,Overcast
267,16,6,7.84,Away,3,Bowling,Overcast
268,12,3,6.34,Home,9,Balanced,Cloudy
269,19,1,11.3,Home,10,Bowling,Sunny
270,14,9,5.54,Home,2,Bowling,Sunny
271,6,6,12.49,Away,1,Balanced,Cloudy
272,6,7,8.18,Away,2,Bowling,Overcast
273,13,1,5,Away,7,Balanced,Sunny
274,19,4,10.11,Away,10,Balanced,Cloudy
275,8,0,5.47,Home,1,Bowling,Cloudy
276,2,6,7.76,Away,6,Balanced,Sunny
277,1,7,12.07,Home,7,Bowling,Sunny
278,15,5,5.63,Away,9,Balanced,Overcast
279,1,4,13.39,Away,8,Batting,Overcast
280,5,5,5.04,Away,6,Balanced,Sunny
281,16,1,7.47,Home,3,Balanced,Overcast
282,19,0,12.41,Home,8,Bowling,Cloudy
283,4,6,8.16,Home,7,Balanced,Overcast
284,3,6,6.02,Home,3,Batting,Overcast
285,17,9,8.6,Home,9,Batting,Cloudy
286,17,10,7.7,Away,2,Balanced,Overcast
287,12,9,13.43,Home,3,Balanced,Cloudy
288,14,1,8.13,Home,2,Batting,Overcast
289,6,1,12.89,Home,1,Bowling,Sunny
290,3,0,13.92,Home,4,Batting,Overcast
291,9,9,9.34,Away,5,Batting,Sunny
292,5,7,14.1,Home,6,Balanced,Sunny
293,17,7,8.77,Away,5,Balanced,Sunny
294,14,0,14.64,Away,1,Batting,Sunny
295,3,10,5.89,Away,3,Bowling,Sunny
296,1,7,11.87,Home,1,Batting,Cloudy
297,20,8,9.94,Away,5,Batting,Cloudy
298,1,3,8.88,Home,5,Bowling,Cloudy
299,3,0,11.33,Home,6,Batting,Sunny
300,18,0,12.04,Home,8,Batting,Overcast
301,10,2,5.04,Home,10,Balanced,Cloudy
302,3,4,6.67,Home,1,Bowling,Overcast
303,8,4,12.13,Away,4,Balanced,Overcast
304,14,8,11.66,Away,10,Balanced,Sunny
305,18,9,14.66,Home,1,Bowling,Sunny
306,15,1,12.61,Away,9,Bowling,Sunny
307,2,1,14.51,Home,7,Batting,Cloudy
308,10,5,12.03,Away,7,Balanced,Sunny
309,2,8,7.98,Away,5,Bowling,Cloudy
310,17,0,6.05,Away,7,Balanced,Cloudy
311,8,8,12.82,Away,2,Balanced,Cloudy
312,1,8,11.44,Away,4,Bowling,Cloudy
313,9,8,5.48,Home,7,Batting,Sunny
314,11,4,8.6,Home,3,Balanced,Cloudy
315,16,8,14.57,Away,2,Bowling,Sunny
316,7,10,10,Home,10,Batting,Sunny
317,10,3,9.33,Away,2,Balanced,Cloudy
318,3,1,9.58,Home,1,Bowling,Sunny
319,18,5,7.09,Away,5,Balanced,Overcast
320,13,3,8.69,Away,6,Bowling,Sunny
321,7,5,8.7,Away,6,Bowling,Sunny
322,4,2,5.52,Home,9,Balanced,Cloudy
323,13,5,12.68,Home,4,Balanced,Cloudy
324,20,1,9.17,Away,1,Bowling,Sunny
325,1,1,13.22,Away,6,Batting,Cloudy
326,8,8,13.5,Home,5,Balanced,Overcast
327,14,6,7.12,Home,10,Bowling,Overcast
328,16,2,11.57,Home,6,Bowling,Cloudy
329,14,10,9.72,Home,3,Batting,Sunny
330,12,0,13.8,Home,2,Batting,Overcast
331,19,7,7.16,Away,6,Batting,Overcast
332,15,5,11.78,Home,1,Balanced,Sunny
333,2,6,11.08,Away,7,Bowling,Cloudy
334,2,8,7.95,Away,7,Bowling,Overcast
335,19,4,6.37,Home,10,Bowling,Sunny
336,17,0,11.52,Home,7,Batting,Sunny
337,20,9,12.39,Away,10,Bowling,Overcast
338,10,6,8.16,Home,1,Balanced,Cloudy
339,6,4,11.45,Away,4,Batting,Overcast
340,15,2,8.95,Home,7,Batting,Sunny
341,11,8,12.13,Home,9,Batting,Overcast
342,5,0,6.99,Home,5,Batting,Cloudy
343,1,0,13.9,Away,2,Balanced,Sunny
344,8,0,7.87,Home,7,Bowling,Cloudy
345,12,2,8.68,Away,10,Balanced,Overcast
346,12,5,5.58,Home,1,Bowling,Overcast
347,5,9,6.12,Away,7,Balanced,Cloudy
348,7,10,10.16,Home,6,Batting,Overcast
349,4,2,7.68,Away,7,Batting,Cloudy
350,6,7,13.35,Away,10,Balanced,Overcast
351,13,9,5.15,Away,3,Balanced,Cloudy
352,20,1,8.79,Away,3,Bowling,Cloudy
353,15,8,8.37,Away,7,Balanced,Sunny
354,3,2,5.19,Away,2,Balanced,Sunny
355,8,4,6.24,Home,1,Bowling,Cloudy
356,20,9,9.14,Away,9,Bowling,Overcast
357,16,7,9.93,Away,9,Bowling,Overcast
358,13,1,9.04,Away,7,Balanced,Overcast
359,18,5,10.31,Home,7,Bowling,Cloudy
360,10,4,10.95,Home,3,Batting,Cloudy
361,19,9,5.1,Home,10,Batting,Cloudy
362,17,8,9.64,Away,2,Batting,Cloudy
363,19,4,14.63,Home,7,Balanced,Sunny
364,5,1,10.19,Home,9,Batting,Cloudy
365,9,4,11.78,Away,1,Balanced,Overcast
366,12,3,8.12,Away,4,Balanced,Sunny
367,1,10,12.74,Home,6,Batting,Overcast
368,1,6,12.73,Away,7,Bowling,Cloudy
369,15,5,10.21,Away,10,Balanced,Sunny
370,2,1,14.76,Away,7,Batting,Cloudy
371,16,10,6.26,Away,10,Balanced,Sunny
372,8,10,5.17,Home,2,Bowling,Overcast
373,13,4,12.7,Away,4,Bowling,Cloudy
374,1,6,13.07,Home,5,Batting,Cloudy
375,16,10,6.2,Home,1,Balanced,Sunny
376,7,6,7.66,Home,1,Balanced,Sunny
377,5,4,5.18,Home,10,Balanced,Cloudy
378,3,8,7.93,Away,3,Balanced,Sunny
379,12,3,12.73,Away,10,Batting,Cloudy
380,16,10,10.18,Away,3,Bowling,Sunny
381,19,2,8.48,Home,8,Batting,Overcast
382,5,3,8.72,Home,9,Balanced,Sunny
383,14,4,5.01,Home,1,Balanced,Overcast
384,5,5,8,Away,2,Bowling,Sunny
385,15,2,11.46,Home,10,Balanced,Sunny
386,17,1,14.74,Away,2,Batting,Cloudy
387,14,3,13.47,Away,4,Batting,Sunny
388,20,4,5.24,Away,2,Bowling,Sunny
389,5,3,13.99,Away,7,Batting,Overcast
390,12,10,12.83,Home,9,Batting,Sunny
391,16,2,12.8,Away,7,Batting,Cloudy
392,16,7,9.58,Home,6,Batting,Overcast
393,7,9,8.98,Away,10,Balanced,Cloudy
394,4,3,8.03,Home,1,Batting,Cloudy
395,1,1,5.66,Home,10,Bowling,Cloudy
396,5,1,7.28,Away,9,Bowling,Cloudy
397,10,0,7.47,Away,5,Batting,Overcast
398,5,3,9.84,Away,5,Bowling,Sunny
399,4,9,12.47,Home,6,Batting,Cloudy
400,2,8,9.74,Away,9,Bowling,Overcast
401,20,10,5.58,Away,8,Bowling,Cloudy
402,10,6,14.58,Home,8,Batting,Sunny
403,19,9,14.43,Away,8,Batting,Overcast
404,1,6,12.85,Home,1,Balanced,Overcast
405,5,6,14.91,Away,1,Batting,Sunny
406,13,7,10.44,Home,8,Batting,Overcast
407,4,0,14.63,Home,5,Balanced,Sunny
408,16,9,5.76,Away,9,Batting,Overcast
409,16,9,8.66,Home,2,Batting,Overcast
410,2,7,7.25,Away,9,Balanced,Sunny
411,17,3,6.96,Away,8,Batting,Sunny
412,20,3,6.41,Home,9,Batting,Overcast
413,12,3,11.22,Away,4,Balanced,Overcast
414,18,5,12.81,Home,1,Balanced,Sunny
415,3,6,10.78,Home,1,Bowling,Sunny
416,1,5,6.47,Home,5,Batting,Overcast
417,1,0,13.11,Home,2,Bowling,Overcast
418,19,7,11.36,Home,8,Bowling,Overcast
419,11,9,8.88,Home,10,Balanced,Sunny
420,5,10,11.74,Home,5,Batting,Overcast
421,12,6,7.6,Home,5,Batting,Cloudy
422,3,5,8.45,Away,2,Balanced,Sunny
423,1,5,14.17,Away,7,Bowling,Overcast
424,1,4,7.91,Home,8,Balanced,Sunny
425,8,5,9.7,Away,10,Batting,Cloudy
426,10,8,13.9,Away,1,Balanced,Sunny
427,11,9,12.08,Away,2,Batting,Overcast
428,12,8,5.62,Away,10,Bowling,Cloudy
429,13,9,6.47,Away,4,Batting,Cloudy
430,12,7,5.08,Away,5,Bowling,Overcast
431,14,9,11.31,Home,2,Bowling,Overcast
432,2,8,9.48,Away,1,Batting,Overcast
433,19,9,6.34,Away,9,Batting,Sunny
434,18,7,14.58,Away,1,Bowling,Sunny
435,3,7,10.3,Away,4,Balanced,Sunny
436,17,0,7.42,Home,2,Batting,Overcast
437,8,9,10.01,Home,4,Bowling,Overcast
438,10,10,11.8,Home,8,Bowling,Sunny
439,2,4,5.76,Home,8,Balanced,Cloudy
440,19,3,7.75,Away,9,Batting,Sunny
441,9,1,13.07,Home,5,Bowling,Cloudy
442,7,7,9.6,Home,7,Balanced,Overcast
443,4,2,10.47,Home,3,Bowling,Overcast
444,18,3,9.33,Home,10,Batting,Sunny
445,13,6,5.44,Away,4,Balanced,Sunny
446,11,9,6.66,Home,10,Bowling,Overcast
447,4,8,9.46,Away,9,Balanced,Sunny
448,4,1,7.09,Home,10,Batting,Overcast
449,10,2,5.5,Away,10,Balanced,Overcast
450,5,3,13.44,Away,1,Batting,Cloudy
451,9,9,14.81,Home,2,Bowling,Sunny
452,3,0,12.93,Home,5,Batting,Overcast
453,17,6,13.54,Home,3,Bowling,Sunny
454,3,1,7.42,Home,2,Bowling,Cloudy
455,16,4,14.61,Away,1,Batting,Cloudy
456,4,0,6.97,Away,10,Bowling,Sunny
457,18,2,14.51,Home,3,Balanced,Sunny
458,17,1,14.95,Home,1,Bowling,Overcast
459,7,0,12.12,Away,1,Batting,Cloudy
460,5,6,14.81,Home,1,Balanced,Cloudy
461,12,4,10.7,Away,8,Balanced,Cloudy
462,17,0,7.6,Home,3,Bowling,Sunny
463,13,5,9.37,Away,1,Bowling,Overcast
464,3,4,10.94,Away,7,Batting,Sunny
465,9,2,5.73,Away,10,Balanced,Sunny
466,17,6,11.22,Away,3,Batting,Sunny
467,17,10,14.81,Away,8,Bowling,Overcast
468,20,9,6.9,Home,4,Balanced,Sunny
469,16,8,12.93,Away,4,Batting,Cloudy
470,13,8,14.08,Home,5,Batting,Cloudy
471,19,8,14.44,Away,6,Batting,Cloudy
472,17,1,14.6,Away,7,Batting,Overcast
473,4,2,10.21,Home,4,Batting,Sunny
474,12,6,14.77,Home,8,Balanced,Overcast
475,9,4,12.57,Home,6,Batting,Sunny
476,19,1,6.62,Home,1,Balanced,Cloudy
477,12,2,9.77,Away,1,Batting,Sunny
478,9,9,12.18,Home,9,Bowling,Sunny
479,7,5,7.47,Away,10,Bowling,Sunny
480,14,6,11.41,Home,6,Batting,Overcast
481,20,8,11.67,Home,10,Bowling,Sunny
482,19,0,6.63,Away,8,Balanced,Sunny
483,15,10,10.65,Away,7,Batting,Sunny
484,16,6,12.72,Home,6,Balanced,Overcast
485,5,7,9.99,Away,4,Batting,Overcast
486,3,2,5.12,Away,7,Bowling,Overcast
487,12,3,5.09,Away,9,Balanced,Sunny
488,20,9,8.57,Away,10,Bowling,Cloudy
489,4,5,14.26,Away,10,Bowling,Cloudy
490,16,9,7.29,Away,7,Batting,Cloudy
491,7,6,11.34,Away,1,Balanced,Sunny
492,13,3,7.22,Away,10,Bowling,Cloudy
493,10,7,8.22,Home,9,Batting,Cloudy
494,7,4,13.48,Away,4,Batting,Cloudy
495,14,0,12.29,Home,3,Batting,Sunny
496,5,3,5.95,Away,4,Bowling,Cloudy
497,3,2,9.29,Away,4,Batting,Cloudy
498,11,8,5.29,Away,10,Balanced,Sunny
499,11,7,9.81,Away,2,Balanced,Overcast
500,18,0,11.62,Home,1,Bowling,Cloudy
501,15,10,6.19,Home,10,Balanced,Overcast
502,12,5,7.89,Away,1,Batting,Cloudy
503,9,8,8.98,Home,8,Bowling,Sunny
504,10,6,14.2,Away,2,Batting,Overcast
505,12,3,14.93,Away,10,Bowling,Overcast
506,17,0,5.45,Home,5,Bowling,Overcast
507,6,1,12.61,Home,4,Batting,Overcast
508,7,4,8.72,Away,8,Balanced,Cloudy
509,14,10,8.92,Away,2,Balanced,Cloudy
510,13,4,12.54,Home,10,Bowling,Overcast
511,8,7,14.18,Away,9,Batting,Cloudy
512,10,5,14.51,Home,7,Batting,Overcast
513,9,7,10.77,Away,7,Bowling,Overcast
514,18,1,8.57,Away,1,Balanced,Sunny
515,2,2,12.88,Home,2,Batting,Overcast
516,5,5,7.51,Home,4,Balanced,Cloudy
517,5,9,10.64,Home,4,Balanced,Overcast
518,6,2,8.59,Away,3,Bowling,Sunny
519,19,5,11.57,Away,7,Bowling,Cloudy
520,8,5,7.4,Away,8,Balanced,Sunny
521,16,1,6.92,Away,2,Batting,Sunny
522,13,6,14.18,Home,4,Batting,Overcast
523,1,1,6.02,Away,3,Bowling,Sunny
524,20,5,10.06,Away,2,Balanced,Sunny
525,17,0,7.21,Away,6,Batting,Cloudy
526,7,2,5.39,Home,4,Batting,Sunny
527,13,1,5.36,Away,6,Bowling,Overcast
528,4,6,6.75,Away,2,Balanced,Overcast
529,4,3,13.67,Home,4,Batting,Overcast
530,6,7,7.82,Away,6,Bowling,Sunny
531,19,5,14.5,Away,5,Batting,Cloudy
532,12,9,10.82,Home,3,Batting,Overcast
533,7,3,9.37,Away,8,Batting,Sunny
534,10,4,10.8,Away,7,Bowling,Overcast
535,19,8,10.17,Away,3,Balanced,Overcast
536,7,6,12.59,Home,6,Bowling,Cloudy
537,3,9,7.82,Away,4,Balanced,Overcast
538,13,8,8.53,Away,5,Batting,Cloudy
539,13,6,13.94,Home,5,Balanced,Sunny
540,18,0,14.46,Home,7,Batting,Overcast
541,20,7,13.93,Away,5,Batting,Sunny
542,8,3,9.19,Away,3,Bowling,Sunny
543,9,2,12.8,Away,10,Batting,Sunny
544,7,6,9.76,Away,5,Bowling,Overcast
545,1,2,9.98,Home,7,Balanced,Cloudy
546,3,7,7.05,Away,5,Balanced,Overcast
547,13,5,10.91,Home,5,Batting,Sunny
548,17,4,6.86,Home,9,Bowling,Cloudy
549,1,3,8.32,Away,3,Batting,Sunny
550,6,7,13.55,Away,6,Bowling,Cloudy
551,6,7,7.07,Home,1,Bowling,Overcast
552,12,0,5.71,Home,10,Bowling,Cloudy
553,13,8,5.69,Away,5,Balanced,Overcast
554,13,4,14.41,Home,8,Bowling,Sunny
555,15,3,10.07,Away,5,Balanced,Cloudy
556,16,5,9.09,Away,9,Bowling,Sunny
557,11,5,13.11,Home,6,Balanced,Cloudy
558,5,1,13.36,Home,8,Balanced,Overcast
559,4,7,8.32,Away,10,Balanced,Cloudy
560,3,6,11.94,Home,8,Batting,Cloudy
561,19,0,12.71,Away,3,Bowling,Overcast
562,20,4,11.55,Away,7,Batting,Overcast
563,18,5,6.52,Away,7,Bowling,Overcast
564,15,3,13.76,Home,10,Bowling,Cloudy
565,9,1,10.39,Away,6,Batting,Sunny
566,17,3,7.82,Away,7,Balanced,Cloudy
567,14,0,9.25,Away,2,Bowling,Cloudy
568,15,6,5.38,Away,9,Balanced,Sunny
569,1,1,6.28,Away,10,Batting,Overcast
570,3,1,12.66,Away,10,Balanced,Cloudy
571,16,8,5,Away,1,Bowling,Sunny
572,11,4,9.17,Away,1,Bowling,Overcast
573,12,1,10.23,Away,3,Bowling,Overcast
574,10,10,5.55,Away,3,Batting,Cloudy
575,16,8,14.73,Away,1,Bowling,Overcast
576,8,8,7.26,Home,7,Batting,Overcast
577,6,0,8.04,Away,4,Balanced,Sunny
578,12,10,8.04,Away,10,Bowling,Sunny
579,8,2,7.3,Away,2,Bowling,Overcast
580,4,3,5.01,Home,10,Bowling,Sunny
581,8,6,12.29,Away,5,Balanced,Overcast
582,18,9,14.67,Home,6,Bowling,Cloudy
583,5,3,7.24,Away,9,Batting,Sunny
584,9,1,11.63,Away,4,Balanced,Overcast
585,4,6,12.42,Home,2,Balanced,Overcast
586,17,5,13.48,Away,5,Balanced,Sunny
587,9,2,9.23,Home,3,Balanced,Sunny
588,1,5,8.03,Home,2,Balanced,Cloudy
589,20,10,8.25,Away,1,Batting,Overcast
590,13,5,12.13,Away,10,Balanced,Cloudy
591,16,4,13.17,Away,2,Bowling,Cloudy
592,13,3,6.82,Away,6,Balanced,Cloudy
593,14,9,8.71,Home,8,Balanced,Sunny
594,3,0,14.02,Home,3,Balanced,Cloudy
595,6,9,13.07,Away,9,Balanced,Sunny
596,18,5,14.85,Home,9,Balanced,Sunny
597,19,1,12.54,Home,2,Batting,Cloudy
598,5,2,8.93,Away,8,Batting,Cloudy
599,15,7,10.91,Home,10,Balanced,Overcast
600,2,9,11.61,Home,5,Batting,Cloudy
601,10,5,5.78,Away,4,Bowling,Overcast
602,18,2,10.44,Home,10,Balanced,Cloudy
603,13,6,12.09,Away,5,Bowling,Cloudy
604,5,3,6.67,Home,4,Bowling,Cloudy
605,1,8,12.81,Away,8,Balanced,Cloudy
606,1,4,10.84,Home,4,Bowling,Overcast
607,18,2,14.52,Home,10,Bowling,Overcast
608,15,1,5.42,Away,6,Bowling,Cloudy
609,17,10,7.65,Away,2,Balanced,Cloudy
610,11,1,11.02,Away,5,Balanced,Overcast
611,17,2,7.97,Away,6,Bowling,Sunny
612,13,1,12.14,Home,5,Balanced,Sunny
613,1,3,12.59,Home,2,Balanced,Sunny
614,2,1,6.03,Home,7,Bowling,Overcast
615,9,9,10.14,Away,4,Balanced,Overcast
616,3,8,10.09,Home,8,Batting,Sunny
617,1,1,8.69,Home,7,Balanced,Sunny
618,16,8,14.33,Away,7,Batting,Cloudy
619,6,5,13.28,Away,9,Bowling,Overcast
620,17,0,11.97,Home,1,Balanced,Overcast
621,5,3,12.14,Away,10,Bowling,Sunny
622,5,0,9.62,Home,6,Bowling,Sunny
623,6,5,14.21,Home,6,Bowling,Overcast
624,3,3,11.95,Away,6,Bowling,Cloudy
625,5,2,12.29,Home,6,Bowling,Sunny
626,5,2,13.62,Away,10,Balanced,Overcast
627,10,8,7.74,Away,7,Batting,Overcast
628,10,5,13.07,Home,10,Balanced,Cloudy
629,19,8,6.95,Home,6,Balanced,Cloudy
630,17,4,8.45,Home,1,Balanced,Sunny
631,14,1,8.36,Away,3,Balanced,Sunny
632,9,7,14.79,Home,2,Batting,Sunny
633,14,4,13.57,Away,6,Balanced,Overcast
634,1,1,12.01,Away,8,Bowling,Sunny
635,19,3,12.27,Home,3,Balanced,Overcast
636,13,8,10.62,Away,10,Balanced,Sunny
637,13,3,14.47,Home,8,Batting,Cloudy
638,4,3,9.96,Home,8,Batting,Cloudy
639,1,1,8.81,Home,5,Bowling,Overcast
640,17,5,6.63,Home,8,Balanced,Cloudy
641,8,10,12.86,Home,6,Balanced,Overcast
642,2,1,12.34,Home,5,Balanced,Overcast
643,8,6,8.84,Home,9,Bowling,Cloudy
644,7,2,5.25,Away,7,Batting,Overcast
645,2,2,13.39,Home,8,Bowling,Cloudy
646,3,4,5.11,Away,1,Balanced,Sunny
647,18,2,12.04,Away,2,Batting,Sunny
648,12,1,14.7,Away,8,Batting,Cloudy
649,1,9,9.38,Home,9,Bowling,Cloudy
650,12,8,7.35,Away,4,Batting,Cloudy
651,5,1,12.05,Away,10,Batting,Cloudy
652,17,10,13.17,Home,10,Balanced,Sunny
653,16,1,10.46,Home,9,Balanced,Overcast
654,15,7,14.67,Away,4,Batting,Overcast
655,15,8,5.52,Home,10,Batting,Sunny
656,5,6,10.05,Home,10,Bowling,Overcast
657,14,2,12.18,Home,10,Bowling,Sunny
658,2,8,13.63,Home,9,Batting,Overcast
659,11,2,6.79,Away,7,Balanced,Cloudy
660,19,4,13,Home,2,Batting,Cloudy
661,7,8,10.53,Home,9,Batting,Cloudy
662,6,2,8.97,Home,4,Balanced,Sunny
663,2,6,6.32,Away,8,Balanced,Sunny
664,6,0,13.65,Away,7,Bowling,Overcast
665,18,3,6.57,Home,7,Bowling,Overcast
666,2,3,8.1,Home,8,Bowling,Overcast
667,18,6,7.9,Away,1,Bowling,Sunny
668,15,7,13.71,Home,5,Balanced,Overcast
669,19,0,11.73,Home,2,Batting,Cloudy
670,2,4,12.97,Away,2,Bowling,Overcast
671,20,6,7.5,Home,1,Bowling,Cloudy
672,6,3,11.25,Home,5,Balanced,Sunny
673,1,3,10.72,Away,2,Balanced,Cloudy
674,15,3,13.33,Away,4,Batting,Cloudy
675,10,5,14.06,Home,3,Batting,Cloudy
676,19,6,5.12,Away,3,Balanced,Sunny
677,17,1,11.74,Home,2,Bowling,Sunny
678,5,4,5.52,Home,6,Bowling,Sunny
679,4,3,10.49,Home,2,Bowling,Sunny
680,10,2,7.88,Away,8,Batting,Overcast
681,17,6,8.07,Away,8,Bowling,Sunny
682,10,10,8.53,Home,5,Bowling,Cloudy
683,17,5,11.21,Home,10,Balanced,Sunny
684,20,6,8.34,Away,7,Bowling,Overcast
685,5,4,12.33,Away,4,Balanced,Overcast
686,2,5,9.05,Away,1,Bowling,Overcast
687,6,4,5.68,Home,2,Batting,Cloudy
688,2,6,12.84,Away,10,Bowling,Sunny
689,13,1,7.86,Away,10,Bowling,Sunny
690,11,10,9.33,Home,4,Balanced,Sunny
691,11,4,11.85,Home,1,Balanced,Cloudy
692,16,5,8.32,Home,8,Balanced,Cloudy
693,11,5,5.57,Away,9,Bowling,Overcast
694,19,4,8.74,Home,4,Bowling,Overcast
695,15,9,14.44,Home,10,Batting,Sunny
696,16,6,11.42,Home,3,Bowling,Cloudy
697,11,9,11.71,Home,2,Batting,Cloudy
698,16,7,11.32,Away,5,Balanced,Sunny
699,8,6,6.99,Home,3,Balanced,Sunny
700,4,4,9.18,Away,10,Balanced,Overcast
701,8,0,12.51,Away,7,Batting,Overcast
702,4,4,6.01,Away,6,Bowling,Overcast
703,3,9,7.78,Home,1,Balanced,Sunny
704,3,1,7.76,Away,8,Bowling,Sunny
705,18,4,9.32,Home,2,Bowling,Overcast
706,19,4,14.8,Home,5,Balanced,Overcast
707,19,1,5.68,Home,9,Batting,Cloudy
708,5,4,10.19,Away,8,Bowling,Cloudy
709,18,3,6.79,Home,2,Balanced,Overcast
710,10,0,14.71,Home,9,Bowling,Overcast
711,6,2,6.13,Home,5,Bowling,Cloudy
712,1,0,9.04,Away,10,Bowling,Overcast
713,5,10,12.38,Away,6,Bowling,Cloudy
714,9,4,12.05,Away,3,Bowling,Cloudy
715,12,3,9.23,Home,3,Batting,Cloudy
716,14,6,8.47,Away,10,Batting,Sunny
717,2,4,8.98,Home,8,Balanced,Sunny
718,17,9,7.64,Home,10,Batting,Overcast
719,14,3,7.05,Away,10,Batting,Cloudy
720,13,1,9.83,Home,2,Batting,Sunny
721,9,3,7.69,Away,2,Bowling,Overcast
722,15,1,7.87,Home,5,Bowling,Overcast
723,15,7,11.57,Away,6,Balanced,Overcast
724,11,2,14.69,Home,2,Balanced,Overcast
725,16,8,11.04,Home,5,Balanced,Overcast
726,17,3,5.77,Home,7,Bowling,Cloudy
727,4,5,5.76,Home,10,Batting,Overcast
728,1,9,14.51,Home,10,Batting,Cloudy
729,8,4,7.97,Away,8,Bowling,Sunny
730,17,9,5.92,Home,7,Balanced,Overcast
731,3,0,10.99,Away,8,Balanced,Sunny
732,20,8,11.24,Away,9,Balanced,Cloudy
733,15,0,11.49,Away,5,Bowling,Cloudy
734,15,7,7.67,Home,5,Balanced,Sunny
735,14,8,5.15,Home,10,Balanced,Overcast
736,14,8,14.65,Home,4,Bowling,Overcast
737,2,0,7.51,Away,9,Batting,Sunny
738,13,1,11.76,Home,5,Bowling,Sunny
739,14,0,12.07,Home,2,Bowling,Sunny
740,19,9,11.1,Away,10,Bowling,Overcast
741,7,1,8.13,Away,8,Bowling,Overcast
742,3,9,7.71,Away,7,Batting,Overcast
743,15,7,10.98,Away,8,Balanced,Sunny
744,14,4,13.66,Away,3,Bowling,Overcast
745,11,10,14.47,Away,4,Batting,Cloudy
746,15,6,6.06,Home,5,Balanced,Sunny
747,13,1,6.55,Away,6,Balanced,Overcast
748,18,7,14.45,Home,1,Balanced,Sunny
749,6,10,12.37,Home,4,Bowling,Cloudy
750,3,5,13.83,Home,10,Bowling,Cloudy
751,19,7,7.03,Away,5,Balanced,Sunny
752,15,0,10.88,Home,7,Balanced,Sunny
753,5,0,12.01,Away,5,Balanced,Cloudy
754,10,6,11.8,Away,1,Balanced,Sunny
755,7,7,9.08,Home,7,Balanced,Cloudy
756,17,2,5.15,Away,8,Balanced,Cloudy
757,7,4,10.83,Home,7,Batting,Overcast
758,12,0,7.53,Home,4,Balanced,Sunny
759,17,6,9.5,Away,8,Bowling,Sunny
760,13,4,14.58,Home,5,Bowling,Overcast
761,20,7,8.99,Home,10,Bowling,Cloudy
762,4,7,13.4,Home,9,Balanced,Sunny
763,10,8,6.89,Away,10,Bowling,Overcast
764,3,6,11.72,Home,5,Batting,Overcast
765,9,10,14.77,Away,1,Balanced,Sunny
766,13,0,6.02,Away,9,Bowling,Overcast
767,18,2,5.08,Home,5,Batting,Cloudy
768,15,7,9.34,Home,6,Batting,Overcast
769,4,2,5.93,Away,4,Bowling,Cloudy
770,15,7,12.48,Away,6,Batting,Cloudy
771,2,0,14.15,Home,8,Bowling,Sunny
772,15,4,9.34,Home,3,Batting,Overcast
773,8,3,7.59,Away,5,Balanced,Cloudy
774,8,4,9.34,Away,2,Balanced,Cloudy
775,17,7,12.23,Away,2,Balanced,Overcast
776,12,9,5.09,Away,7,Balanced,Cloudy
777,19,3,10.89,Away,10,Balanced,Overcast
778,10,10,11.13,Home,10,Bowling,Sunny
779,9,3,11.38,Away,10,Balanced,Cloudy
780,5,2,7.42,Away,6,Balanced,Cloudy
781,6,6,12.14,Home,4,Balanced,Overcast
782,20,2,5.91,Home,5,Balanced,Overcast
783,2,2,6.99,Away,1,Batting,Overcast
784,13,10,13.77,Away,7,Balanced,Overcast
785,6,9,12.39,Home,8,Balanced,Cloudy
786,5,4,5.14,Away,9,Bowling,Sunny
787,1,4,7.48,Away,8,Batting,Sunny
788,6,5,7.14,Home,5,Bowling,Sunny
789,6,7,7.71,Away,3,Balanced,Sunny
790,16,9,7.48,Home,10,Bowling,Overcast
791,4,5,5.63,Home,9,Bowling,Cloudy
792,11,0,9.59,Home,6,Balanced,Cloudy
793,9,7,12.33,Home,5,Batting,Cloudy
794,3,7,11.07,Away,3,Batting,Overcast
795,19,8,11.73,Home,6,Bowling,Cloudy
796,8,8,5.81,Away,3,Balanced,Overcast
797,5,1,14.51,Away,10,Bowling,Cloudy
798,4,1,13.38,Away,6,Bowling,Sunny
799,6,2,13.05,Away,4,Bowling,Overcast
800,2,0,13.23,Away,2,Balanced,Cloudy
801,20,3,14.33,Home,8,Balanced,Sunny
802,11,3,10.44,Home,4,Batting,Sunny
803,4,8,7,Home,9,Balanced,Sunny
804,15,8,11.17,Home,7,Bowling,Overcast
805,6,8,12.43,Away,2,Bowling,Overcast
806,17,9,12.38,Home,4,Batting,Cloudy
807,6,6,10.21,Away,5,Balanced,Sunny
808,19,1,5.68,Away,3,Bowling,Cloudy
809,2,9,8.71,Home,9,Batting,Cloudy
810,15,4,14.21,Home,5,Batting,Sunny
811,11,3,10.84,Home,2,Bowling,Cloudy
812,8,10,10.38,Home,3,Bowling,Overcast
813,19,7,7.69,Away,9,Balanced,Cloudy
814,13,1,8.68,Away,7,Batting,Sunny
815,12,5,13.95,Home,2,Bowling,Overcast
816,5,4,11.66,Away,9,Batting,Overcast
817,6,1,12.87,Away,4,Balanced,Cloudy
818,4,10,9.54,Away,9,Bowling,Cloudy
819,19,9,11.3,Home,2,Balanced,Overcast
820,20,0,7.48,Away,10,Batting,Cloudy
821,1,7,12.05,Home,4,Balanced,Sunny
822,20,1,9.28,Home,5,Balanced,Cloudy
823,17,6,9.43,Away,2,Batting,Cloudy
824,12,8,11.49,Away,10,Balanced,Overcast
825,15,8,14.36,Home,1,Batting,Cloudy
826,1,7,5.64,Away,7,Bowling,Cloudy
827,14,10,13.25,Away,10,Batting,Cloudy
828,6,9,7.92,Home,1,Batting,Sunny
829,5,8,9.44,Home,8,Bowling,Cloudy
830,11,1,5.22,Home,3,Batting,Sunny
831,4,5,8.01,Home,10,Bowling,Sunny
832,13,3,10.03,Away,6,Bowling,Sunny
833,11,3,5.56,Away,7,Batting,Sunny
834,3,4,9.91,Home,10,Balanced,Overcast
835,1,2,14.27,Home,1,Balanced,Sunny
836,6,0,6.05,Home,6,Bowling,Cloudy
837,18,7,12.64,Away,7,Balanced,Sunny
838,10,4,9.1,Home,6,Balanced,Cloudy
839,5,2,11.55,Away,4,Batting,Sunny
840,10,9,7.6,Home,1,Bowling,Overcast
841,12,6,6.59,Home,9,Bowling,Sunny
842,2,6,6.6,Home,4,Batting,Sunny
843,13,0,5.7,Away,7,Balanced,Overcast
844,8,8,6.86,Away,7,Bowling,Sunny
845,2,1,11.64,Away,2,Balanced,Cloudy
846,20,4,13.82,Home,1,Bowling,Sunny
847,1,4,13.14,Away,8,Bowling,Sunny
848,5,7,11.85,Away,8,Bowling,Sunny
849,9,7,6.1,Home,7,Bowling,Overcast
850,17,6,7.89,Home,8,Balanced,Sunny
851,9,6,8.1,Away,3,Balanced,Sunny
852,11,10,7.5,Away,2,Balanced,Cloudy
853,15,5,10.15,Away,7,Balanced,Sunny
854,6,5,10.36,Away,8,Batting,Sunny
855,3,10,8.57,Home,1,Bowling,Sunny
856,17,8,8.54,Home,10,Bowling,Sunny
857,5,5,13.29,Home,9,Bowling,Cloudy
858,12,1,12.89,Away,4,Batting,Cloudy
859,18,1,8.08,Away,4,Balanced,Overcast
860,14,4,14.14,Home,3,Bowling,Sunny
861,11,3,14.53,Home,6,Balanced,Overcast
862,9,10,8.27,Away,1,Balanced,Overcast
863,2,1,8.54,Away,6,Batting,Sunny
864,12,2,10.06,Home,2,Batting,Cloudy
865,3,6,14.41,Home,9,Balanced,Cloudy
866,3,7,13.76,Home,2,Bowling,Sunny
867,1,5,6.03,Away,7,Bowling,Sunny
868,8,10,8.93,Away,1,Batting,Cloudy
869,8,4,10.53,Away,7,Batting,Sunny
870,11,0,10.03,Away,5,Batting,Sunny
871,9,7,6.94,Away,8,Batting,Sunny
872,5,2,13.59,Away,4,Batting,Cloudy
873,14,5,11.77,Home,10,Batting,Overcast
874,3,2,13.38,Home,7,Batting,Overcast
875,5,6,13.59,Away,6,Bowling,Sunny
876,5,6,12.48,Home,5,Batting,Cloudy
877,19,8,9.39,Away,4,Batting,Sunny
878,14,4,11.11,Home,7,Bowling,Cloudy
879,4,7,6.6,Away,5,Bowling,Sunny
880,13,9,11.74,Home,5,Balanced,Cloudy
881,10,9,6.79,Home,1,Batting,Cloudy
882,18,7,11.94,Away,2,Batting,Overcast
883,8,0,7.3,Away,5,Batting,Sunny
884,8,4,6.18,Home,3,Batting,Overcast
885,7,2,6.65,Home,2,Balanced,Overcast
886,8,0,5.02,Away,4,Bowling,Cloudy
887,14,3,12.19,Home,4,Bowling,Sunny
888,19,7,12.32,Away,4,Batting,Cloudy
889,6,2,10.15,Away,4,Batting,Cloudy
890,1,9,6.61,Home,3,Batting,Cloudy
891,15,1,5.84,Away,7,Balanced,Sunny
892,1,10,5.19,Home,9,Balanced,Sunny
893,17,8,6.66,Home,5,Bowling,Cloudy
894,1,9,13.91,Away,4,Batting,Sunny
895,15,4,7.42,Home,2,Batting,Cloudy
896,2,6,8.54,Away,2,Batting,Sunny
897,14,10,6.05,Away,5,Batting,Sunny
898,8,10,7.22,Away,7,Balanced,Overcast
899,8,1,10.19,Home,10,Bowling,Cloudy
900,19,8,11.08,Away,10,Bowling,Overcast
901,7,8,7.45,Home,9,Balanced,Overcast
902,19,3,5.58,Away,7,Batting,Cloudy
903,6,3,8.91,Away,5,Bowling,Cloudy
904,6,5,7.34,Away,10,Bowling,Sunny
905,3,9,7.2,Home,10,Balanced,Cloudy
906,7,9,14.6,Home,10,Batting,Overcast
907,19,9,11.16,Away,6,Bowling,Overcast
908,8,5,10.57,Away,3,Batting,Cloudy
909,10,0,9.16,Home,5,Bowling,Overcast
910,20,8,9.29,Home,8,Balanced,Sunny
911,15,1,10.41,Home,1,Batting,Overcast
912,15,4,11.96,Away,1,Balanced,Sunny
913,1,8,12.02,Home,7,Bowling,Overcast
914,20,3,6.72,Away,5,Balanced,Sunny
915,7,10,10,Home,5,Balanced,Sunny
916,4,2,9.12,Away,1,Balanced,Cloudy
917,6,6,13.71,Away,9,Bowling,Sunny
918,1,5,11.31,Away,1,Batting,Cloudy
919,5,7,10.33,Home,5,Balanced,Overcast
920,1,2,6.15,Home,10,Batting,Overcast
921,4,4,11.06,Home,9,Bowling,Overcast
922,2,9,6.17,Away,4,Batting,Sunny
923,10,3,8.37,Away,8,Balanced,Overcast
924,5,3,6.43,Home,6,Balanced,Overcast
925,10,3,11.92,Away,3,Balanced,Cloudy
926,1,9,7.06,Away,4,Balanced,Cloudy
927,6,7,8.92,Away,2,Balanced,Overcast
928,13,5,13.96,Home,1,Balanced,Overcast
929,15,2,7.04,Away,8,Bowling,Sunny
930,4,9,10.08,Home,1,Bowling,Sunny
931,13,4,9.19,Home,1,Bowling,Overcast
932,20,5,5.18,Home,4,Batting,Cloudy
933,15,4,12.93,Home,10,Batting,Overcast
934,8,5,5.69,Home,10,Bowling,Sunny
935,5,7,9.74,Away,6,Batting,Cloudy
936,15,6,10.61,Home,9,Batting,Cloudy
937,4,4,11.28,Home,1,Balanced,Sunny
938,12,9,11.89,Home,7,Balanced,Overcast
939,13,5,7.53,Away,10,Batting,Overcast
940,2,3,5.1,Away,5,Batting,Overcast
941,19,8,12.23,Away,8,Bowling,Sunny
942,19,3,10.36,Away,7,Batting,Cloudy
943,4,0,13.36,Home,4,Balanced,Sunny
944,4,6,13.21,Home,4,Batting,Overcast
945,11,6,13.43,Away,6,Bowling,Sunny
946,5,3,9.85,Away,6,Balanced,Cloudy
947,20,2,8.34,Away,9,Balanced,Sunny
948,11,7,12.92,Away,5,Balanced,Overcast
949,10,4,9.51,Home,8,Balanced,Cloudy
950,8,9,6.83,Away,5,Batting,Sunny
951,6,6,13.55,Away,2,Bowling,Sunny
952,6,3,13.83,Away,6,Batting,Cloudy
953,8,3,9.66,Away,9,Batting,Cloudy
954,15,7,5.76,Away,3,Balanced,Overcast
955,14,7,8.88,Away,1,Bowling,Cloudy
956,11,1,13.04,Away,1,Balanced,Overcast
957,12,1,14.02,Home,3,Batting,Sunny
958,13,2,7.03,Home,10,Batting,Overcast
959,8,2,5.67,Home,5,Balanced,Sunny
960,18,0,13.77,Home,3,Batting,Cloudy
961,1,2,8.89,Home,9,Batting,Sunny
962,15,5,10.42,Home,8,Balanced,Cloudy
963,8,7,14.68,Away,3,Batting,Sunny
964,11,9,5.67,Away,9,Bowling,Sunny
965,12,5,11.48,Home,6,Balanced,Sunny
966,12,4,5.74,Away,7,Bowling,Sunny
967,4,3,8.75,Home,4,Batting,Overcast
968,16,2,13.04,Away,4,Batting,Sunny
969,4,3,9.33,Away,2,Balanced,Overcast
970,5,6,14.97,Away,5,Batting,Cloudy
971,5,0,10.59,Away,8,Balanced,Cloudy
972,8,6,8.21,Away,7,Balanced,Overcast
973,10,0,7.2,Away,7,Balanced,Cloudy
974,17,1,8.51,Home,6,Balanced,Cloudy
975,9,3,8.73,Home,3,Balanced,Sunny
976,19,0,5.69,Away,5,Bowling,Sunny
977,14,10,8.7,Home,1,Balanced,Sunny
978,8,10,9.64,Away,7,Bowling,Overcast
979,9,10,12.23,Home,9,Batting,Overcast
980,11,8,11.57,Away,1,Balanced,Cloudy
981,1,5,12.09,Home,2,Batting,Sunny
982,14,0,5.08,Away,3,Balanced,Overcast
983,5,0,7.18,Home,3,Bowling,Overcast
984,14,5,11.62,Away,8,Bowling,Sunny
985,4,3,9.84,Home,7,Bowling,Overcast
986,1,3,5.05,Away,6,Batting,Sunny
987,19,10,13.04,Away,10,Balanced,Cloudy
988,8,5,12.73,Away,10,Batting,Cloudy
989,15,10,10.48,Home,4,Bowling,Cloudy
990,15,6,5.66,Home,9,Batting,Sunny
991,9,8,12.67,Home,1,Bowling,Overcast
992,9,9,10.84,Away,2,Bowling,Cloudy
993,10,4,12.82,Home,4,Bowling,Cloudy
994,20,8,12.52,Away,3,Balanced,Cloudy
995,9,3,13.03,Home,1,Balanced,Overcast
996,3,9,10.18,Home,5,Bowling,Overcast
997,20,1,6.4,Home,7,Batting,Sunny
998,11,2,11.71,Home,2,Batting,Cloudy
999,6,10,11.2,Away,5,Balanced,Overcast
1000,2,0,12.42,Home,6,Bowling,Sunny
1001,7,5,6.7,Home,7,Batting,Cloudy
1002,18,5,6.95,Away,1,Bowling,Overcast
1003,2,0,13.9,Away,7,Batting,Overcast
1004,17,10,12.5,Home,4,Balanced,Sunny
1005,11,2,14.08,Home,8,Bowling,Cloudy
1006,12,4,12.59,Away,4,Bowling,Cloudy
1007,19,2,10.97,Away,6,Batting,Overcast
1008,7,9,11.54,Away,9,Batting,Cloudy
1009,20,2,13.89,Home,5,Batting,Sunny
1010,6,9,10.79,Home,4,Bowling,Overcast
1011,1,2,11.32,Home,8,Balanced,Overcast
1012,17,4,6.56,Away,9,Balanced,Sunny
1013,11,4,9.74,Away,4,Batting,Overcast
1014,18,3,12.16,Away,3,Balanced,Cloudy
1015,17,0,7.71,Home,8,Batting,Cloudy
1016,7,4,7.02,Away,5,Balanced,Overcast
1017,17,9,8.14,Home,2,Bowling,Sunny
1018,20,4,7.42,Away,10,Batting,Sunny
1019,9,3,7.15,Home,9,Balanced,Cloudy
1020,17,5,9.25,Home,3,Bowling,Sunny
1021,20,9,14.08,Away,2,Balanced,Overcast
1022,8,3,10.07,Home,1,Bowling,Overcast
1023,17,6,6.88,Away,8,Bowling,Cloudy
1024,7,6,5.77,Home,3,Balanced,Cloudy
1025,1,1,11.96,Away,7,Balanced,Cloudy
1026,13,2,8.83,Away,1,Bowling,Sunny
1027,19,0,13.22,Home,1,Bowling,Overcast
1028,19,7,11.6,Away,9,Bowling,Overcast
1029,17,8,12.96,Home,8,Batting,Overcast
1030,13,3,7.72,Away,3,Bowling,Cloudy
1031,16,5,11.92,Away,6,Batting,Overcast
1032,8,8,7.64,Away,3,Bowling,Sunny
1033,19,5,14.39,Away,4,Batting,Sunny
1034,18,8,11.36,Home,1,Bowling,Overcast
1035,1,3,8.25,Away,5,Bowling,Cloudy
1036,14,7,7.7,Away,1,Bowling,Overcast
1037,19,8,6.91,Home,1,Balanced,Sunny
1038,15,3,11.95,Home,10,Balanced,Sunny
1039,18,4,7.19,Home,7,Bowling,Sunny
1040,2,7,10.95,Home,6,Batting,Overcast
1041,17,9,7.65,Home,2,Batting,Sunny
1042,18,5,11.62,Home,2,Bowling,Cloudy
1043,6,6,13.15,Away,7,Balanced,Overcast
1044,19,2,12.78,Home,1,Batting,Overcast
1045,4,6,12.61,Away,2,Balanced,Sunny
1046,1,7,6.88,Home,8,Batting,Sunny
1047,8,9,5.88,Away,6,Bowling,Cloudy
1048,7,5,11.99,Away,2,Balanced,Overcast
1049,3,9,8.68,Away,7,Batting,Sunny
1050,10,8,9.32,Home,4,Bowling,Cloudy
1051,10,5,5.31,Home,2,Bowling,Sunny
1052,19,8,7.6,Home,6,Bowling,Overcast
1053,14,3,5.34,Home,9,Balanced,Sunny
1054,2,7,13.79,Away,9,Balanced,Overcast
1055,1,10,7.43,Home,8,Bowling,Sunny
1056,18,3,10.57,Away,3,Balanced,Overcast
1057,7,1,5.39,Away,3,Batting,Cloudy
1058,8,9,11.67,Home,2,Bowling,Overcast
1059,1,10,8.23,Home,5,Bowling,Cloudy
1060,3,8,13.98,Home,4,Balanced,Overcast
1061,8,4,13.88,Away,7,Bowling,Cloudy
1062,15,3,8.25,Home,4,Batting,Sunny
1063,5,1,14.01,Away,9,Balanced,Overcast
1064,3,0,14.96,Home,2,Balanced,Sunny
1065,19,10,13.25,Away,6,Bowling,Cloudy
1066,1,6,13.45,Home,7,Bowling,Overcast
1067,15,5,7.49,Home,4,Bowling,Overcast
1068,8,1,10.77,Away,6,Balanced,Sunny
1069,2,7,5.67,Home,7,Bowling,Overcast
1070,3,10,5.95,Home,4,Batting,Overcast
1071,14,3,14.99,Home,8,Bowling,Sunny
1072,14,7,8.27,Home,9,Bowling,Overcast
1073,11,6,12.48,Home,1,Balanced,Sunny
1074,16,4,13.07,Home,7,Bowling,Sunny
1075,4,9,13.58,Home,9,Balanced,Sunny
1076,20,9,14.98,Away,10,Bowling,Sunny
1077,5,7,7.41,Away,5,Batting,Sunny
1078,14,8,5.4,Home,2,Batting,Cloudy
1079,16,4,9.11,Home,10,Balanced,Cloudy
1080,18,9,6.3,Home,6,Balanced,Sunny
1081,7,4,5.22,Away,7,Bowling,Cloudy
1082,10,1,8.6,Away,2,Bowling,Cloudy
1083,7,4,12.84,Home,2,Batting,Overcast
1084,1,2,10.66,Away,10,Bowling,Sunny
1085,19,6,8.13,Home,10,Batting,Cloudy
1086,16,9,11.54,Home,1,Balanced,Overcast
1087,19,4,7.32,Home,4,Bowling,Overcast
1088,4,7,5.14,Home,7,Balanced,Sunny
1089,18,0,12.64,Away,9,Bowling,Sunny
1090,2,2,11.24,Away,3,Batting,Overcast
1091,1,2,12.62,Home,7,Balanced,Sunny
1092,15,8,5.39,Away,7,Balanced,Sunny
1093,5,4,13.37,Away,7,Bowling,Overcast
1094,20,8,11.2,Home,2,Balanced,Overcast
1095,11,8,10.63,Away,6,Batting,Sunny
1096,10,0,11.25,Home,2,Balanced,Cloudy
1097,2,1,13.64,Home,6,Balanced,Sunny
1098,3,4,10.87,Home,10,Bowling,Cloudy
1099,12,3,10.81,Home,3,Balanced,Overcast
1100,20,9,14.91,Away,2,Bowling,Cloudy
1101,5,8,12.57,Home,6,Bowling,Overcast
1102,5,6,9.42,Away,2,Balanced,Sunny
1103,6,5,12.07,Home,5,Batting,Sunny
1104,9,6,8.89,Home,2,Bowling,Overcast
1105,2,0,7.29,Away,3,Balanced,Overcast
1106,12,0,10.97,Home,3,Bowling,Overcast
1107,3,7,14.28,Away,6,Batting,Sunny
1108,20,1,14.29,Away,6,Batting,Sunny
1109,12,9,8.42,Home,10,Bowling,Cloudy
1110,17,10,10.28,Home,3,Batting,Overcast
1111,10,8,7.12,Home,3,Balanced,Cloudy
1112,14,6,14.96,Home,1,Balanced,Sunny
1113,17,5,14.81,Home,7,Bowling,Cloudy
1114,18,0,11.5,Home,8,Batting,Cloudy
1115,19,0,13.04,Away,2,Balanced,Sunny
1116,17,1,12.15,Away,4,Balanced,Sunny
1117,14,5,10.93,Home,10,Balanced,Overcast
1118,9,5,5.53,Away,7,Bowling,Cloudy
1119,8,1,9.55,Away,8,Bowling,Sunny
1120,2,0,11.75,Home,1,Balanced,Sunny
1121,13,9,11.78,Home,4,Balanced,Cloudy
1122,7,4,8.73,Away,6,Batting,Sunny
1123,9,4,14.42,Home,3,Batting,Overcast
1124,11,1,6.67,Away,5,Batting,Overcast
1125,14,5,10,Home,10,Bowling,Cloudy
1126,4,8,11.91,Away,9,Balanced,Overcast
1127,13,1,11.97,Away,3,Bowling,Sunny
1128,2,9,11.49,Away,5,Balanced,Sunny
1129,5,1,7.75,Away,8,Batting,Sunny
1130,11,2,6.56,Home,6,Batting,Sunny
1131,6,6,11.36,Home,4,Batting,Cloudy
1132,18,5,10.99,Away,8,Batting,Overcast
1133,10,7,6.79,Away,3,Balanced,Overcast
1134,4,7,12.05,Home,3,Batting,Sunny
1135,9,5,9.55,Home,4,Balanced,Cloudy
1136,6,10,11.68,Away,9,Balanced,Sunny
1137,2,9,13.37,Away,5,Bowling,Sunny
1138,17,2,6.7,Away,8,Batting,Cloudy
1139,5,2,5.19,Away,6,Batting,Cloudy
1140,6,0,12.79,Away,3,Bowling,Sunny
1141,12,6,11.1,Home,8,Balanced,Overcast
1142,10,4,12,Away,9,Batting,Sunny
1143,6,3,13.38,Home,8,Balanced,Overcast
1144,8,9,13.03,Home,4,Bowling,Overcast
1145,2,3,14.61,Home,6,Balanced,Cloudy
1146,12,3,10.36,Away,1,Batting,Cloudy
1147,13,5,9.88,Home,4,Balanced,Sunny
1148,7,7,9.02,Home,8,Balanced,Overcast
1149,10,7,6.54,Home,1,Batting,Overcast
1150,13,4,10.73,Home,3,Batting,Sunny
1151,17,5,7.77,Away,1,Balanced,Sunny
1152,14,3,14.21,Away,9,Balanced,Sunny
1153,2,10,10.83,Home,2,Bowling,Cloudy
1154,11,8,10.93,Home,9,Batting,Sunny
1155,1,7,8.55,Away,4,Balanced,Sunny
1156,19,9,5.52,Away,2,Batting,Overcast
1157,4,9,5.32,Away,4,Bowling,Sunny
1158,19,0,9.23,Home,10,Balanced,Overcast
1159,11,1,5.85,Away,6,Balanced,Overcast
1160,8,8,11.07,Home,7,Balanced,Cloudy
1161,11,7,13.81,Home,3,Batting,Sunny
1162,4,2,13.83,Away,3,Bowling,Sunny
1163,17,7,11.59,Home,10,Batting,Overcast
1164,7,0,7.11,Away,8,Balanced,Cloudy
1165,8,9,13.63,Home,5,Bowling,Cloudy
1166,3,3,13.86,Away,4,Balanced,Sunny
1167,2,2,6.97,Home,7,Balanced,Overcast
1168,15,5,12.37,Home,7,Batting,Sunny
1169,5,6,7.87,Away,9,Balanced,Sunny
1170,1,3,13.03,Away,9,Bowling,Sunny
1171,4,6,14.97,Away,5,Balanced,Sunny
1172,15,8,5.3,Away,8,Balanced,Overcast
1173,20,10,13.97,Home,10,Batting,Cloudy
1174,19,1,11.23,Away,1,Bowling,Sunny
1175,3,10,14.73,Away,9,Batting,Sunny
1176,20,2,9.65,Home,8,Balanced,Sunny
1177,11,4,13.47,Away,6,Batting,Sunny
1178,17,2,5.62,Away,3,Batting,Cloudy
1179,13,10,8.35,Home,3,Batting,Cloudy
1180,11,7,5.67,Away,8,Batting,Cloudy
1181,2,9,14.75,Away,5,Balanced,Cloudy
1182,9,7,13.17,Away,10,Balanced,Sunny
1183,2,7,13.53,Away,7,Bowling,Overcast
1184,9,8,14.38,Away,5,Batting,Cloudy
1185,9,3,5.85,Away,8,Batting,Cloudy
1186,8,4,8.86,Home,10,Bowling,Sunny
1187,17,4,5.71,Away,10,Batting,Sunny
1188,1,7,7.11,Home,4,Bowling,Sunny
1189,11,6,7.29,Home,2,Balanced,Sunny
1190,8,8,9.69,Home,3,Bowling,Overcast
1191,10,7,7.69,Home,8,Batting,Overcast
1192,7,1,6.01,Away,7,Bowling,Cloudy
1193,3,9,6.67,Away,2,Balanced,Overcast
1194,3,3,6.47,Away,6,Batting,Cloudy
1195,18,5,14.73,Home,9,Balanced,Cloudy
1196,5,1,12.59,Away,4,Balanced,Overcast
1197,12,6,14.68,Away,9,Bowling,Cloudy
1198,12,2,9.4,Away,2,Balanced,Sunny
1199,19,2,7.78,Home,2,Batting,Cloudy
1200,6,10,12.98,Home,9,Balanced,Sunny
1201,2,1,8.26,Away,7,Balanced,Overcast
1202,12,10,7.99,Home,7,Bowling,Overcast
1203,19,7,7.33,Home,1,Balanced,Cloudy
1204,5,5,6.3,Away,6,Bowling,Sunny
1205,12,0,7.56,Home,7,Bowling,Cloudy
1206,17,0,8.55,Home,6,Batting,Overcast
1207,17,6,11.74,Away,6,Batting,Cloudy
1208,10,7,5.63,Home,2,Batting,Cloudy
1209,17,4,7.11,Home,6,Batting,Sunny
1210,15,10,13.09,Home,4,Bowling,Overcast
1211,12,4,6.47,Home,9,Balanced,Cloudy
1212,16,3,8.43,Home,1,Batting,Sunny
1213,19,5,13.65,Home,8,Batting,Cloudy
1214,8,5,6.55,Home,5,Batting,Sunny
1215,17,2,5.83,Home,1,Balanced,Sunny
1216,5,8,9.85,Away,4,Batting,Cloudy
1217,16,10,8.02,Away,1,Balanced,Overcast
1218,6,6,10.63,Away,6,Bowling,Overcast
1219,8,0,13.04,Away,2,Bowling,Sunny
1220,18,6,6.37,Home,5,Bowling,Overcast
1221,12,4,10.81,Away,7,Balanced,Sunny
1222,15,4,10.06,Away,2,Batting,Overcast
1223,9,1,6.44,Home,6,Batting,Cloudy
1224,13,3,11.24,Home,6,Batting,Overcast
1225,15,5,7.74,Home,5,Batting,Sunny
1226,10,9,9.88,Home,5,Batting,Sunny
1227,16,10,5.82,Home,3,Balanced,Overcast
1228,7,6,9.6,Away,10,Bowling,Cloudy
1229,17,10,8.06,Home,10,Batting,Sunny
1230,7,4,13.22,Away,2,Bowling,Sunny
1231,14,8,5.57,Away,7,Balanced,Sunny
1232,15,2,9.19,Home,1,Balanced,Sunny
1233,7,0,9.58,Away,6,Batting,Sunny
1234,9,3,12.25,Away,6,Balanced,Cloudy
1235,19,8,10.74,Home,3,Bowling,Overcast
1236,16,3,11.67,Away,2,Batting,Cloudy
1237,8,1,12.77,Away,2,Batting,Cloudy
1238,18,9,13.62,Away,9,Bowling,Sunny
1239,18,4,8.14,Home,5,Batting,Cloudy
1240,20,2,10.38,Home,7,Batting,Sunny
1241,7,8,13.4,Home,5,Bowling,Cloudy
1242,3,3,14.89,Away,7,Batting,Sunny
1243,18,5,13.9,Home,4,Batting,Sunny
1244,10,1,8.71,Away,8,Bowling,Cloudy
1245,7,5,6.95,Home,10,Balanced,Cloudy
1246,17,2,9.89,Away,10,Bowling,Overcast
1247,14,8,12.42,Home,7,Batting,Overcast
1248,3,10,9.93,Home,10,Bowling,Overcast
1249,12,1,9.83,Away,5,Batting,Cloudy
1250,13,8,13.38,Home,6,Batting,Cloudy
1251,2,4,8.61,Away,5,Bowling,Sunny
1252,3,7,13.6,Home,7,Batting,Overcast
1253,5,1,9.07,Home,2,Balanced,Sunny
1254,11,5,8.28,Away,5,Batting,Sunny
1255,8,2,9.54,Away,10,Bowling,Sunny
1256,12,9,12.62,Away,3,Balanced,Sunny
1257,7,4,6.26,Home,9,Balanced,Overcast
1258,15,7,6.96,Away,6,Batting,Sunny
1259,17,9,14.51,Home,10,Bowling,Cloudy
1260,4,0,6.75,Away,3,Batting,Cloudy
1261,13,4,10.68,Away,7,Batting,Cloudy
1262,18,2,10.79,Away,4,Bowling,Overcast
1263,1,3,9.9,Away,3,Bowling,Sunny
1264,16,1,11.45,Away,8,Batting,Overcast
1265,13,8,7.3,Away,4,Balanced,Sunny
1266,10,2,10.53,Home,1,Batting,Overcast
1267,12,1,8.72,Away,6,Balanced,Overcast
1268,2,9,11.62,Home,10,Batting,Sunny
1269,3,10,6.41,Away,1,Bowling,Overcast
1270,10,8,10.71,Away,5,Balanced,Sunny
1271,2,6,6.85,Away,7,Bowling,Cloudy
1272,13,5,7.79,Home,6,Bowling,Cloudy
1273,13,0,7.19,Home,2,Bowling,Cloudy
1274,18,4,6.83,Away,4,Bowling,Overcast
1275,3,10,13.26,Home,2,Bowling,Cloudy
1276,7,10,7.86,Away,1,Batting,Sunny
1277,14,2,14.27,Away,3,Balanced,Cloudy
1278,20,0,14.7,Home,3,Batting,Cloudy
1279,17,3,10.71,Home,7,Batting,Overcast
1280,12,1,6.43,Home,1,Batting,Sunny
1281,16,1,8.75,Home,9,Bowling,Overcast
1282,12,2,12.98,Away,6,Batting,Overcast
1283,15,7,8.67,Home,4,Balanced,Sunny
1284,10,7,5.87,Home,3,Batting,Overcast
1285,7,6,10.57,Away,3,Bowling,Sunny
1286,20,5,13.45,Home,2,Balanced,Cloudy
1287,5,8,12.96,Home,2,Balanced,Sunny
1288,1,3,6.75,Home,10,Balanced,Sunny
1289,17,0,11.73,Home,5,Balanced,Sunny
1290,3,7,7.21,Away,9,Batting,Overcast
1291,13,6,7.18,Away,2,Bowling,Sunny
1292,14,6,13.74,Home,2,Balanced,Sunny
1293,18,2,7.5,Home,6,Balanced,Sunny
1294,4,3,7.63,Away,10,Bowling,Cloudy
1295,18,9,5.01,Home,2,Batting,Sunny
1296,5,8,13.71,Home,4,Balanced,Overcast
1297,16,5,12.93,Home,6,Batting,Sunny
1298,1,4,11.27,Home,5,Batting,Sunny
1299,14,2,12.5,Home,1,Batting,Cloudy
1300,15,8,6.52,Home,6,Batting,Sunny
1301,9,4,9.58,Home,1,Balanced,Overcast
1302,15,4,8.51,Home,3,Balanced,Sunny
1303,17,3,5.94,Home,10,Batting,Overcast
1304,4,3,9.86,Away,5,Batting,Cloudy
1305,12,0,14.21,Away,10,Bowling,Sunny
1306,5,6,5.4,Away,5,Bowling,Cloudy
1307,5,8,7.91,Home,10,Bowling,Sunny
1308,11,2,7.08,Home,6,Balanced,Overcast
1309,6,1,7.38,Away,10,Bowling,Cloudy
1310,7,2,14.08,Home,8,Balanced,Sunny
1311,14,0,9.68,Away,5,Balanced,Overcast
1312,11,5,9.66,Home,1,Balanced,Cloudy
1313,13,10,12.61,Away,5,Balanced,Sunny
1314,2,10,6.54,Away,3,Bowling,Cloudy
1315,7,6,9.87,Away,4,Batting,Sunny
1316,20,10,9.3,Home,8,Batting,Overcast
1317,4,10,10.97,Away,7,Batting,Overcast
1318,8,1,15,Home,5,Bowling,Cloudy
1319,20,7,12.69,Home,2,Batting,Cloudy
1320,19,5,8.98,Home,6,Bowling,Sunny
1321,13,3,13.28,Home,6,Bowling,Overcast
1322,14,4,6.71,Home,10,Bowling,Sunny
1323,10,7,5.3,Home,10,Batting,Overcast
1324,11,2,7.04,Home,6,Batting,Cloudy
1325,2,2,8.4,Away,9,Batting,Sunny
1326,9,10,10.11,Away,8,Balanced,Sunny
1327,17,3,11.15,Away,8,Bowling,Overcast
1328,3,0,14.11,Home,1,Balanced,Overcast
1329,6,8,10.1,Home,5,Bowling,Overcast
1330,5,7,10.01,Home,7,Batting,Cloudy
1331,5,7,5.5,Home,6,Bowling,Sunny
1332,15,9,5.35,Away,5,Bowling,Overcast
1333,17,5,10.51,Home,8,Balanced,Cloudy
1334,9,6,9.38,Away,3,Bowling,Overcast
1335,3,5,13.39,Home,6,Batting,Sunny
1336,20,8,6.61,Away,5,Bowling,Overcast
1337,17,2,5.25,Home,8,Bowling,Sunny
1338,10,2,9.49,Away,4,Bowling,Cloudy
1339,3,2,7.37,Home,8,Balanced,Cloudy
1340,18,9,5.5,Away,10,Bowling,Overcast
1341,18,2,12.25,Home,2,Bowling,Sunny
1342,17,8,6.12,Away,9,Balanced,Sunny
1343,3,3,11.08,Away,9,Balanced,Sunny
1344,3,6,7.81,Home,10,Balanced,Overcast
1345,6,8,6.73,Away,10,Balanced,Sunny
1346,13,10,8.8,Home,6,Batting,Sunny
1347,15,6,13.01,Home,4,Batting,Sunny
1348,9,8,8.92,Home,4,Bowling,Sunny
1349,4,2,12.51,Away,6,Batting,Overcast
1350,14,3,6.25,Away,5,Bowling,Overcast
1351,5,7,12.73,Home,6,Batting,Sunny
1352,2,5,7.37,Home,7,Balanced,Sunny
1353,11,4,11.77,Away,7,Balanced,Cloudy
1354,9,3,10.66,Away,9,Batting,Cloudy
1355,3,7,14.29,Away,8,Batting,Sunny
1356,9,0,8.87,Home,6,Bowling,Sunny
1357,3,8,5.66,Home,6,Bowling,Cloudy
1358,2,0,5.19,Home,5,Bowling,Cloudy
1359,12,7,13.27,Home,1,Balanced,Sunny
1360,10,3,10.25,Home,9,Balanced,Overcast
1361,9,8,12.75,Away,9,Balanced,Overcast
1362,15,10,7.34,Home,9,Balanced,Sunny
1363,8,4,8.45,Away,8,Bowling,Sunny
1364,5,2,5.3,Away,10,Balanced,Cloudy
1365,11,8,14.61,Home,3,Balanced,Cloudy
1366,2,10,11.68,Away,1,Balanced,Overcast
1367,15,8,14.33,Home,8,Balanced,Sunny
1368,6,3,7.65,Away,7,Batting,Cloudy
1369,8,10,11.11,Home,5,Bowling,Overcast
1370,5,3,11.78,Home,10,Bowling,Overcast
1371,16,7,8.18,Away,7,Balanced,Overcast
1372,18,1,13.48,Home,10,Batting,Cloudy
1373,6,8,14.47,Away,4,Bowling,Cloudy
1374,5,5,13.85,Home,9,Bowling,Sunny
1375,16,8,12.39,Home,10,Balanced,Sunny
1376,13,7,7.77,Home,2,Balanced,Overcast
1377,5,6,7.82,Away,9,Bowling,Overcast
1378,13,0,14.63,Away,9,Bowling,Cloudy
1379,17,2,5.1,Home,5,Batting,Cloudy
1380,18,10,12.16,Away,1,Bowling,Sunny
1381,8,1,12.06,Home,7,Bowling,Sunny
1382,13,4,11.23,Away,10,Balanced,Sunny
1383,19,4,14.9,Away,10,Bowling,Cloudy
1384,3,4,8.12,Home,4,Balanced,Overcast
1385,8,3,8.4,Home,9,Bowling,Sunny
1386,2,4,5.79,Home,6,Bowling,Sunny
1387,8,2,9.43,Home,3,Bowling,Cloudy
1388,13,0,7.61,Home,6,Batting,Sunny
1389,13,4,8.43,Away,10,Balanced,Overcast
1390,1,8,13.35,Away,6,Batting,Cloudy
1391,6,8,14.35,Home,5,Bowling,Sunny
1392,19,3,6.86,Home,2,Batting,Sunny
1393,16,2,8.73,Home,10,Balanced,Cloudy
1394,8,0,14.29,Away,10,Bowling,Cloudy
1395,1,1,5.62,Home,2,Batting,Sunny
1396,16,7,5.92,Home,7,Batting,Overcast
1397,9,0,6.63,Away,2,Balanced,Cloudy
1398,13,7,10.95,Away,6,Batting,Overcast
1399,11,6,6.5,Away,5,Balanced,Sunny
1400,13,7,14.68,Away,4,Bowling,Overcast
1401,10,5,9.47,Home,7,Bowling,Sunny
1402,4,8,10.02,Away,8,Batting,Sunny
1403,6,2,7.47,Away,4,Bowling,Sunny
1404,7,9,9.71,Home,1,Bowling,Sunny
1405,5,3,11.62,Home,1,Batting,Overcast
1406,11,5,12.51,Home,1,Bowling,Sunny
1407,13,7,12.54,Away,1,Batting,Sunny
1408,19,4,10.78,Home,5,Balanced,Overcast
1409,10,2,14.04,Away,4,Balanced,Cloudy
1410,10,5,13.17,Away,9,Balanced,Overcast
1411,11,3,12.57,Away,3,Batting,Overcast
1412,7,8,5.56,Home,7,Batting,Overcast
1413,18,2,5.07,Away,8,Bowling,Sunny
1414,4,3,7.12,Home,6,Bowling,Sunny
1415,2,6,11.64,Home,10,Bowling,Sunny
1416,14,6,9.11,Home,1,Bowling,Cloudy
1417,13,3,9.02,Away,8,Bowling,Sunny
1418,12,5,13.85,Away,10,Batting,Cloudy
1419,7,2,13.96,Away,3,Batting,Sunny
1420,2,5,14.09,Home,8,Balanced,Overcast
1421,13,1,8.14,Away,4,Balanced,Sunny
1422,14,7,11.91,Away,8,Balanced,Cloudy
1423,17,1,7.72,Away,1,Balanced,Cloudy
1424,9,10,6.91,Away,3,Batting,Sunny
1425,17,6,6.85,Away,6,Batting,Overcast
1426,8,8,8.42,Home,9,Batting,Sunny
1427,2,0,9.3,Home,2,Bowling,Sunny
1428,13,7,13.31,Home,1,Bowling,Sunny
1429,3,6,6.2,Home,10,Balanced,Overcast
1430,16,5,12.35,Away,3,Bowling,Cloudy
1431,6,5,10.31,Home,4,Batting,Overcast
1432,19,5,7.88,Away,5,Balanced,Cloudy
1433,7,8,9.93,Home,3,Balanced,Cloudy
1434,10,1,8,Home,10,Bowling,Cloudy
1435,9,0,10.96,Home,2,Balanced,Overcast
1436,2,5,9.34,Away,2,Bowling,Sunny
1437,15,9,6.64,Away,7,Bowling,Sunny
1438,5,10,6.17,Home,9,Balanced,Sunny
1439,4,7,10.47,Away,10,Bowling,Sunny
1440,20,2,14.02,Home,2,Bowling,Sunny
1441,4,9,8.44,Home,7,Bowling,Overcast
1442,18,0,12.33,Home,7,Bowling,Overcast
1443,4,8,11.59,Away,7,Balanced,Overcast
1444,17,0,14.32,Home,3,Batting,Overcast
1445,12,2,13.21,Home,7,Batting,Overcast
1446,17,7,10.67,Home,1,Bowling,Overcast
1447,10,2,11.57,Away,10,Bowling,Overcast
1448,1,3,13.98,Home,1,Bowling,Sunny
1449,18,7,9,Away,5,Batting,Cloudy
1450,18,0,8.27,Home,2,Bowling,Overcast
1451,14,5,5.11,Away,9,Balanced,Cloudy
1452,15,0,13.27,Home,7,Balanced,Overcast
1453,12,0,13.01,Home,4,Balanced,Overcast
1454,4,7,6.04,Away,4,Batting,Sunny
1455,3,10,10.77,Away,2,Bowling,Cloudy
1456,20,3,9.64,Home,5,Bowling,Sunny
1457,12,0,6.19,Away,4,Bowling,Sunny
1458,7,9,14.81,Home,1,Batting,Cloudy
1459,11,6,7.15,Home,8,Batting,Sunny
1460,1,4,5.67,Home,3,Batting,Overcast
1461,6,4,10.95,Away,6,Batting,Overcast
1462,15,0,12.39,Home,4,Balanced,Overcast
1463,15,9,5.32,Away,9,Batting,Overcast
1464,19,10,11.59,Home,7,Batting,Overcast
1465,11,5,10.32,Away,9,Batting,Sunny
1466,2,8,6.03,Away,10,Bowling,Sunny
1467,14,8,6.73,Home,3,Bowling,Overcast
1468,2,7,10.68,Away,1,Bowling,Overcast
1469,4,4,7.96,Home,5,Balanced,Sunny
1470,17,0,14.38,Home,3,Balanced,Cloudy
1471,3,8,13.19,Home,6,Batting,Sunny
1472,13,0,14.84,Home,8,Bowling,Sunny
1473,9,7,7.6,Home,4,Balanced,Sunny
1474,7,4,14.7,Away,5,Bowling,Sunny
1475,15,2,9.31,Home,5,Balanced,Sunny
1476,11,10,8.48,Away,4,Balanced,Cloudy
1477,20,6,5.5,Away,4,Batting,Overcast
1478,2,6,5.53,Home,4,Batting,Overcast
1479,15,8,11.92,Away,4,Balanced,Cloudy
1480,14,6,9.58,Home,4,Batting,Overcast
1481,20,10,7.27,Away,5,Balanced,Overcast
1482,11,2,11.14,Away,2,Balanced,Overcast
1483,3,10,7.53,Away,2,Bowling,Cloudy
1484,17,0,10.78,Home,9,Batting,Cloudy
1485,12,7,8.59,Away,2,Batting,Overcast
1486,15,2,13.24,Home,6,Batting,Overcast
1487,16,7,13.21,Away,2,Bowling,Overcast
1488,5,7,9.77,Away,5,Bowling,Sunny
1489,20,4,8.51,Away,4,Bowling,Sunny
1490,6,0,8.63,Away,7,Batting,Sunny
1491,19,9,13.06,Home,7,Batting,Cloudy
1492,5,6,8.28,Home,6,Batting,Overcast
1493,3,9,7.09,Away,10,Bowling,Cloudy
1494,1,4,5.85,Away,5,Bowling,Cloudy
1495,6,7,9.67,Home,1,Balanced,Cloudy
1496,15,8,9.82,Home,3,Bowling,Overcast
1497,2,10,13.41,Home,9,Balanced,Sunny
1498,3,6,7.21,Home,1,Batting,Overcast
1499,17,6,8.81,Away,5,Bowling,Overcast
1500,12,0,13.08,Away,2,Batting,Cloudy
